ProductID,FileName,Type,Width,Height,Thumbnail
1,Product_00001_Image_01.png,.heic,1024,768,Product_00001_Thumbnail_01.png
1,Product_00001_Image_02.png,.heic,1024,768,Product_00001_Thumbnail_02.png
1,Product_00001_Image_03.png,.heic,1024,768,Product_00001_Thumbnail_03.png
1,Product_00001_Image_04.png,.heic,1024,768,Product_00001_Thumbnail_04.png
2,Product_00002_Image_01.png,.heic,1024,768,Product_00002_Thumbnail_01.png
2,Product_00002_Image_02.png,.heic,1024,768,Product_00002_Thumbnail_02.png
2,Product_00002_Image_03.png,.heic,1024,768,Product_00002_Thumbnail_03.png
2,Product_00002_Image_04.png,.heic,1024,768,Product_00002_Thumbnail_04.png
3,Product_00003_Image_01.png,.heic,1024,768,Product_00003_Thumbnail_01.png
3,Product_00003_Image_02.png,.heic,1024,768,Product_00003_Thumbnail_02.png
3,Product_00003_Image_03.png,.heic,1024,768,Product_00003_Thumbnail_03.png
3,Product_00003_Image_04.png,.heic,1024,768,Product_00003_Thumbnail_04.png
3,Product_00003_Image_05.png,.heic,1024,768,Product_00003_Thumbnail_05.png
3,Product_00003_Image_06.png,.heic,1024,768,Product_00003_Thumbnail_06.png
4,Product_00004_Image_01.png,.heic,1024,768,Product_00004_Thumbnail_01.png
4,Product_00004_Image_02.png,.heic,1024,768,Product_00004_Thumbnail_02.png
4,Product_00004_Image_03.png,.heic,1024,768,Product_00004_Thumbnail_03.png
4,Product_00004_Image_04.png,.heic,1024,768,Product_00004_Thumbnail_04.png
4,Product_00004_Image_05.png,.heic,1024,768,Product_00004_Thumbnail_05.png
5,Product_00005_Image_01.png,.heic,1024,768,Product_00005_Thumbnail_01.png
5,Product_00005_Image_02.png,.heic,1024,768,Product_00005_Thumbnail_02.png
5,Product_00005_Image_03.png,.heic,1024,768,Product_00005_Thumbnail_03.png
5,Product_00005_Image_04.png,.heic,1024,768,Product_00005_Thumbnail_04.png
5,Product_00005_Image_05.png,.heic,1024,768,Product_00005_Thumbnail_05.png
6,Product_00006_Image_01.png,.heic,1024,768,Product_00006_Thumbnail_01.png
6,Product_00006_Image_02.png,.heic,1024,768,Product_00006_Thumbnail_02.png
6,Product_00006_Image_03.png,.heic,1024,768,Product_00006_Thumbnail_03.png
6,Product_00006_Image_04.png,.heic,1024,768,Product_00006_Thumbnail_04.png
6,Product_00006_Image_05.png,.heic,1024,768,Product_00006_Thumbnail_05.png
7,Product_00007_Image_01.png,.heic,1024,768,Product_00007_Thumbnail_01.png
7,Product_00007_Image_02.png,.heic,1024,768,Product_00007_Thumbnail_02.png
7,Product_00007_Image_03.png,.heic,1024,768,Product_00007_Thumbnail_03.png
7,Product_00007_Image_04.png,.heic,1024,768,Product_00007_Thumbnail_04.png
7,Product_00007_Image_05.png,.heic,1024,768,Product_00007_Thumbnail_05.png
7,Product_00007_Image_06.png,.heic,1024,768,Product_00007_Thumbnail_06.png
8,Product_00008_Image_01.png,.heic,1024,768,Product_00008_Thumbnail_01.png
8,Product_00008_Image_02.png,.heic,1024,768,Product_00008_Thumbnail_02.png
8,Product_00008_Image_03.png,.heic,1024,768,Product_00008_Thumbnail_03.png
8,Product_00008_Image_04.png,.heic,1024,768,Product_00008_Thumbnail_04.png
8,Product_00008_Image_05.png,.heic,1024,768,Product_00008_Thumbnail_05.png
8,Product_00008_Image_06.png,.heic,1024,768,Product_00008_Thumbnail_06.png
9,Product_00009_Image_01.png,.heic,1024,768,Product_00009_Thumbnail_01.png
9,Product_00009_Image_02.png,.heic,1024,768,Product_00009_Thumbnail_02.png
9,Product_00009_Image_03.png,.heic,1024,768,Product_00009_Thumbnail_03.png
9,Product_00009_Image_04.png,.heic,1024,768,Product_00009_Thumbnail_04.png
9,Product_00009_Image_05.png,.heic,1024,768,Product_00009_Thumbnail_05.png
10,Product_00010_Image_01.png,.heic,1024,768,Product_00010_Thumbnail_01.png
10,Product_00010_Image_02.png,.heic,1024,768,Product_00010_Thumbnail_02.png
10,Product_00010_Image_03.png,.heic,1024,768,Product_00010_Thumbnail_03.png
10,Product_00010_Image_04.png,.heic,1024,768,Product_00010_Thumbnail_04.png
12,Product_00012_Image_01.png,.heic,1024,768,Product_00012_Thumbnail_01.png
12,Product_00012_Image_02.png,.heic,1024,768,Product_00012_Thumbnail_02.png
12,Product_00012_Image_03.png,.heic,1024,768,Product_00012_Thumbnail_03.png
12,Product_00012_Image_04.png,.heic,1024,768,Product_00012_Thumbnail_04.png
12,Product_00012_Image_05.png,.heic,1024,768,Product_00012_Thumbnail_05.png
12,Product_00012_Image_06.png,.heic,1024,768,Product_00012_Thumbnail_06.png
13,Product_00013_Image_01.png,.heic,1024,768,Product_00013_Thumbnail_01.png
13,Product_00013_Image_02.png,.heic,1024,768,Product_00013_Thumbnail_02.png
13,Product_00013_Image_03.png,.heic,1024,768,Product_00013_Thumbnail_03.png
13,Product_00013_Image_04.png,.heic,1024,768,Product_00013_Thumbnail_04.png
15,Product_00015_Image_01.png,.heic,1024,768,Product_00015_Thumbnail_01.png
15,Product_00015_Image_02.png,.heic,1024,768,Product_00015_Thumbnail_02.png
15,Product_00015_Image_03.png,.heic,1024,768,Product_00015_Thumbnail_03.png
15,Product_00015_Image_04.png,.heic,1024,768,Product_00015_Thumbnail_04.png
15,Product_00015_Image_05.png,.heic,1024,768,Product_00015_Thumbnail_05.png
15,Product_00015_Image_06.png,.heic,1024,768,Product_00015_Thumbnail_06.png
15,Product_00015_Image_07.png,.heic,1024,768,Product_00015_Thumbnail_07.png
16,Product_00016_Image_01.png,.heic,1024,768,Product_00016_Thumbnail_01.png
16,Product_00016_Image_02.png,.heic,1024,768,Product_00016_Thumbnail_02.png
16,Product_00016_Image_03.png,.heic,1024,768,Product_00016_Thumbnail_03.png
16,Product_00016_Image_04.png,.heic,1024,768,Product_00016_Thumbnail_04.png
17,Product_00017_Image_01.png,.heic,1024,768,Product_00017_Thumbnail_01.png
17,Product_00017_Image_02.png,.heic,1024,768,Product_00017_Thumbnail_02.png
17,Product_00017_Image_03.png,.heic,1024,768,Product_00017_Thumbnail_03.png
19,Product_00019_Image_01.png,.heic,1024,768,Product_00019_Thumbnail_01.png
19,Product_00019_Image_02.png,.heic,1024,768,Product_00019_Thumbnail_02.png
19,Product_00019_Image_03.png,.heic,1024,768,Product_00019_Thumbnail_03.png
19,Product_00019_Image_04.png,.heic,1024,768,Product_00019_Thumbnail_04.png
20,Product_00020_Image_01.png,.heic,1024,768,Product_00020_Thumbnail_01.png
20,Product_00020_Image_02.png,.heic,1024,768,Product_00020_Thumbnail_02.png
20,Product_00020_Image_03.png,.heic,1024,768,Product_00020_Thumbnail_03.png
20,Product_00020_Image_04.png,.heic,1024,768,Product_00020_Thumbnail_04.png
20,Product_00020_Image_05.png,.heic,1024,768,Product_00020_Thumbnail_05.png
21,Product_00021_Image_01.png,.heic,1024,768,Product_00021_Thumbnail_01.png
22,Product_00022_Image_01.png,.heic,1024,768,Product_00022_Thumbnail_01.png
22,Product_00022_Image_02.png,.heic,1024,768,Product_00022_Thumbnail_02.png
22,Product_00022_Image_03.png,.heic,1024,768,Product_00022_Thumbnail_03.png
22,Product_00022_Image_04.png,.heic,1024,768,Product_00022_Thumbnail_04.png
22,Product_00022_Image_05.png,.heic,1024,768,Product_00022_Thumbnail_05.png
22,Product_00022_Image_06.png,.heic,1024,768,Product_00022_Thumbnail_06.png
23,Product_00023_Image_01.png,.heic,1024,768,Product_00023_Thumbnail_01.png
23,Product_00023_Image_02.png,.heic,1024,768,Product_00023_Thumbnail_02.png
23,Product_00023_Image_03.png,.heic,1024,768,Product_00023_Thumbnail_03.png
23,Product_00023_Image_04.png,.heic,1024,768,Product_00023_Thumbnail_04.png
23,Product_00023_Image_05.png,.heic,1024,768,Product_00023_Thumbnail_05.png
24,Product_00024_Image_01.png,.heic,1024,768,Product_00024_Thumbnail_01.png
24,Product_00024_Image_02.png,.heic,1024,768,Product_00024_Thumbnail_02.png
24,Product_00024_Image_03.png,.heic,1024,768,Product_00024_Thumbnail_03.png
24,Product_00024_Image_04.png,.heic,1024,768,Product_00024_Thumbnail_04.png
24,Product_00024_Image_05.png,.heic,1024,768,Product_00024_Thumbnail_05.png
26,Product_00026_Image_01.png,.heic,1024,768,Product_00026_Thumbnail_01.png
26,Product_00026_Image_02.png,.heic,1024,768,Product_00026_Thumbnail_02.png
26,Product_00026_Image_03.png,.heic,1024,768,Product_00026_Thumbnail_03.png
26,Product_00026_Image_04.png,.heic,1024,768,Product_00026_Thumbnail_04.png
26,Product_00026_Image_05.png,.heic,1024,768,Product_00026_Thumbnail_05.png
27,Product_00027_Image_01.png,.heic,1024,768,Product_00027_Thumbnail_01.png
27,Product_00027_Image_02.png,.heic,1024,768,Product_00027_Thumbnail_02.png
27,Product_00027_Image_03.png,.heic,1024,768,Product_00027_Thumbnail_03.png
27,Product_00027_Image_04.png,.heic,1024,768,Product_00027_Thumbnail_04.png
27,Product_00027_Image_05.png,.heic,1024,768,Product_00027_Thumbnail_05.png
28,Product_00028_Image_01.png,.heic,1024,768,Product_00028_Thumbnail_01.png
28,Product_00028_Image_02.png,.heic,1024,768,Product_00028_Thumbnail_02.png
28,Product_00028_Image_03.png,.heic,1024,768,Product_00028_Thumbnail_03.png
28,Product_00028_Image_04.png,.heic,1024,768,Product_00028_Thumbnail_04.png
28,Product_00028_Image_05.png,.heic,1024,768,Product_00028_Thumbnail_05.png
28,Product_00028_Image_06.png,.heic,1024,768,Product_00028_Thumbnail_06.png
